uf_sigla;cid;url_cidade;json_google;lat;lng
PB;A UNIAO - SUP. DE IMPRENSA E EDITORA;https://maps.googleapis.com/maps/api/place/nearbysearch/json?name=A%20UNIAO%20-%20SUP.%20DE%20IMPRENSA%20E%20EDITORA&location=-7.112023,-34.834362&rankby=distance&key=AIzaSyCYzCGQBne1-xEN09hEsFCz0bNrgn1tiMo;;-15,800071;-47,875751
PB;AGENCIA DE REGULACAO DO ESTADO DA PARAIBA;https://maps.googleapis.com/maps/api/place/nearbysearch/json?name=AGENCIA%20DE%20REGULACAO%20DO%20ESTADO%20DA%20PARAIBA&location=-7.112023,-34.834362&rankby=distance&key=AIzaSyCYzCGQBne1-xEN09hEsFCz0bNrgn1tiMo;;-7,123627;-34,868665
PB;AGENCIA ESTADUAL DE VIGILANCIA SANITARIA;https://maps.googleapis.com/maps/api/place/nearbysearch/json?name=AGENCIA%20ESTADUAL%20DE%20VIGILANCIA%20SANITARIA&location=-7.112023,-34.834362&rankby=distance&key=AIzaSyCYzCGQBne1-xEN09hEsFCz0bNrgn1tiMo;;-7,12617;-34,86854
PB;AGENCIA EXECUTIVA DE GESTAO DAS AGUAS DO ESTADO DA PB;https://maps.googleapis.com/maps/api/place/nearbysearch/json?name=AGENCIA%20EXECUTIVA%20DE%20GESTAO%20DAS%20AGUAS%20DO%20ESTADO%20DA%20PB&location=-7.112023,-34.834362&rankby=distance&key=AIzaSyCYzCGQBne1-xEN09hEsFCz0bNrgn1tiMo;;-7,11984;-34,85775
PB;ASSEMBLEIA LEGISLATIVA;https://maps.googleapis.com/maps/api/place/nearbysearch/json?name=ASSEMBLEIA%20LEGISLATIVA&location=-7.112023,-34.834362&rankby=distance&key=AIzaSyCYzCGQBne1-xEN09hEsFCz0bNrgn1tiMo;;-7,11724;-34,8777
PB;CASA CIVIL DO GOVERNADOR;https://maps.googleapis.com/maps/api/place/nearbysearch/json?name=CASA%20CIVIL%20DO%20GOVERNADOR&location=-7.112023,-34.834362&rankby=distance&key=AIzaSyCYzCGQBne1-xEN09hEsFCz0bNrgn1tiMo;;-7,119;-34,85529
PB;CASA MILITAR;https://maps.googleapis.com/maps/api/place/nearbysearch/json?name=CASA%20MILITAR&location=-7.112023,-34.834362&rankby=distance&key=AIzaSyCYzCGQBne1-xEN09hEsFCz0bNrgn1tiMo;;-7,1209;-34,88418
PB;CIA DE DESENVOLVIMENTO DA PARAIBA;https://maps.googleapis.com/maps/api/place/nearbysearch/json?name=CIA%20DE%20DESENVOLVIMENTO%20DA%20PARAIBA&location=-7.112023,-34.834362&rankby=distance&key=AIzaSyCYzCGQBne1-xEN09hEsFCz0bNrgn1tiMo;;-7,11981;-34,85116
PB;CIA DE DESENVOLVIMENTO DE RECURSOS MINERAIS DA PARAIBA;https://maps.googleapis.com/maps/api/place/nearbysearch/json?name=CIA%20DE%20DESENVOLVIMENTO%20DE%20RECURSOS%20MINERAIS%20DA%20PARAIBA&location=-7.112023,-34.834362&rankby=distance&key=AIzaSyCYzCGQBne1-xEN09hEsFCz0bNrgn1tiMo;;-7,252872;-35,887502
PB;CODATA - CIA DE PROCESSAMENTO DE DADOS DA PARAIBA;https://maps.googleapis.com/maps/api/place/nearbysearch/json?name=CODATA%20-%20CIA%20DE%20PROCESSAMENTO%20DE%20DADOS%20DA%20PARAIBA&location=-7.112023,-34.834362&rankby=distance&key=AIzaSyCYzCGQBne1-xEN09hEsFCz0bNrgn1tiMo;;-7,11661;-34,88838
PB;COMPANHIA DE AGUA E ESGOTOS DO ESTADO DA PARAIBA;https://maps.googleapis.com/maps/api/place/nearbysearch/json?name=COMPANHIA%20DE%20AGUA%20E%20ESGOTOS%20DO%20ESTADO%20DA%20PARAIBA&location=-7.112023,-34.834362&rankby=distance&key=AIzaSyCYzCGQBne1-xEN09hEsFCz0bNrgn1tiMo;;-7,1135;-34,83186
PB;COMPANHIA DOCAS DA PARAIBA;https://maps.googleapis.com/maps/api/place/nearbysearch/json?name=COMPANHIA%20DOCAS%20DA%20PARAIBA&location=-7.112023,-34.834362&rankby=distance&key=AIzaSyCYzCGQBne1-xEN09hEsFCz0bNrgn1tiMo;;-6,97549;-34,83664
PB;COMPANHIA ESTADUAL DE HABITACAO POPULAR;https://maps.googleapis.com/maps/api/place/nearbysearch/json?name=COMPANHIA%20ESTADUAL%20DE%20HABITACAO%20POPULAR&location=-7.112023,-34.834362&rankby=distance&key=AIzaSyCYzCGQBne1-xEN09hEsFCz0bNrgn1tiMo;;-7,16123;-34,83914
PB;COMPANHIA PARAIBANA DE GAS;https://maps.googleapis.com/maps/api/place/nearbysearch/json?name=COMPANHIA%20PARAIBANA%20DE%20GAS&location=-7.112023,-34.834362&rankby=distance&key=AIzaSyCYzCGQBne1-xEN09hEsFCz0bNrgn1tiMo;;-7,11931;-34,8281
PB;CONTROLADORIA GERAL DO ESTADO;https://maps.googleapis.com/maps/api/place/nearbysearch/json?name=CONTROLADORIA%20GERAL%20DO%20ESTADO&location=-7.112023,-34.834362&rankby=distance&key=AIzaSyCYzCGQBne1-xEN09hEsFCz0bNrgn1tiMo;;-7,119644;-34,857398
PB;CORPO DE BOMBEIROS MILITAR;https://maps.googleapis.com/maps/api/place/nearbysearch/json?name=CORPO%20DE%20BOMBEIROS%20MILITAR&location=-7.112023,-34.834362&rankby=distance&key=AIzaSyCYzCGQBne1-xEN09hEsFCz0bNrgn1tiMo;;-7,11707;-34,8435
PB;DEFENSORIA PUBLICA DO ESTADO DA PARAIBA;https://maps.googleapis.com/maps/api/place/nearbysearch/json?name=DEFENSORIA%20PUBLICA%20DO%20ESTADO%20DA%20PARAIBA&location=-7.112023,-34.834362&rankby=distance&key=AIzaSyCYzCGQBne1-xEN09hEsFCz0bNrgn1tiMo;;-7,12208;-34,88064
PB;DEPARTAMENTO DE ESTRADAS E RODAGEM;https://maps.googleapis.com/maps/api/place/nearbysearch/json?name=DEPARTAMENTO%20DE%20ESTRADAS%20E%20RODAGEM&location=-7.112023,-34.834362&rankby=distance&key=AIzaSyCYzCGQBne1-xEN09hEsFCz0bNrgn1tiMo;;-7,13952;-34,88472
PB;DEPARTAMENTO ESTADUAL DE TRANSITO;https://maps.googleapis.com/maps/api/place/nearbysearch/json?name=DEPARTAMENTO%20ESTADUAL%20DE%20TRANSITO&location=-7.112023,-34.834362&rankby=distance&key=AIzaSyCYzCGQBne1-xEN09hEsFCz0bNrgn1tiMo;;-7,09737;-34,83684
PB;EMATER - EMP. DE ASSISTENCIA TECNICA E EXTENCAO RURAL;https://maps.googleapis.com/maps/api/place/nearbysearch/json?name=EMATER%20-%20EMP.%20DE%20ASSISTENCIA%20TECNICA%20E%20EXTENCAO%20RURAL&location=-7.112023,-34.834362&rankby=distance&key=AIzaSyCYzCGQBne1-xEN09hEsFCz0bNrgn1tiMo;;-7,13101;-34,86044
PB;EMEPA - EMP. ESTADUAL DE PESQUISA AGRO. DA PARAIBA;https://maps.googleapis.com/maps/api/place/nearbysearch/json?name=EMEPA%20-%20EMP.%20ESTADUAL%20DE%20PESQUISA%20AGRO.%20DA%20PARAIBA&location=-7.112023,-34.834362&rankby=distance&key=AIzaSyCYzCGQBne1-xEN09hEsFCz0bNrgn1tiMo;;-7,11829;-34,87559
PB;EMPASA - EMP. PARAIBANA DE ABAST. E SERV. AGRICOLAS;https://maps.googleapis.com/maps/api/place/nearbysearch/json?name=EMPASA%20-%20EMP.%20PARAIBANA%20DE%20ABAST.%20E%20SERV.%20AGRICOLAS&location=-7.112023,-34.834362&rankby=distance&key=AIzaSyCYzCGQBne1-xEN09hEsFCz0bNrgn1tiMo;;-7,16381;-34,86799
PB;EMPRESA PARAIBANA DE TURISMO SA  -  PB-TUR;https://maps.googleapis.com/maps/api/place/nearbysearch/json?name=EMPRESA%20PARAIBANA%20DE%20TURISMO%20SA%20%20-%20%20PB-TUR&location=-7.112023,-34.834362&rankby=distance&key=AIzaSyCYzCGQBne1-xEN09hEsFCz0bNrgn1tiMo;;-7,10632;-34,82811
PB;ENCARGOS GERAIS DO ESTADO - SUP SEC ADMINISTRACAO;https://maps.googleapis.com/maps/api/place/nearbysearch/json?name=ENCARGOS%20GERAIS%20DO%20ESTADO%20-%20SUP%20SEC%20ADMINISTRACAO&location=-7.112023,-34.834362&rankby=distance&key=AIzaSyCYzCGQBne1-xEN09hEsFCz0bNrgn1tiMo;;-7,1241;-34,876206
PB;ESPEP - ESCOLA DE SERVICO PUBLICO DO ESTADO DA PARAIBA;https://maps.googleapis.com/maps/api/place/nearbysearch/json?name=ESPEP%20-%20ESCOLA%20DE%20SERVICO%20PUBLICO%20DO%20ESTADO%20DA%20PARAIBA&location=-7.112023,-34.834362&rankby=distance&key=AIzaSyCYzCGQBne1-xEN09hEsFCz0bNrgn1tiMo;;-7,16556;-34,82852
PB;FUND DESENV CRIANCA E ADOLESCENTE ALICE ALMEIDA;https://maps.googleapis.com/maps/api/place/nearbysearch/json?name=FUND%20DESENV%20CRIANCA%20E%20ADOLESCENTE%20ALICE%20ALMEIDA&location=-7.112023,-34.834362&rankby=distance&key=AIzaSyCYzCGQBne1-xEN09hEsFCz0bNrgn1tiMo;;-7,11672;-34,88161
PB;FUNDACAO CASA DE JOSE AMERICO;https://maps.googleapis.com/maps/api/place/nearbysearch/json?name=FUNDACAO%20CASA%20DE%20JOSE%20AMERICO&location=-7.112023,-34.834362&rankby=distance&key=AIzaSyCYzCGQBne1-xEN09hEsFCz0bNrgn1tiMo;;-7,13845;-34,81786
PB;FUNDACAO CASA DO ESTUDANTE DA PARAIBA;https://maps.googleapis.com/maps/api/place/nearbysearch/json?name=FUNDACAO%20CASA%20DO%20ESTUDANTE%20DA%20PARAIBA&location=-7.112023,-34.834362&rankby=distance&key=AIzaSyCYzCGQBne1-xEN09hEsFCz0bNrgn1tiMo;;-7,11721;-34,88606
PB;FUNDACAO CENTRO INTEGR. DE APOIO AO POR. DE DEFICIENCIA;https://maps.googleapis.com/maps/api/place/nearbysearch/json?name=FUNDACAO%20CENTRO%20INTEGR.%20DE%20APOIO%20AO%20POR.%20DE%20DEFICIENCIA&location=-7.112023,-34.834362&rankby=distance&key=AIzaSyCYzCGQBne1-xEN09hEsFCz0bNrgn1tiMo;;-7,11348;-34,84569
PB;FUNDACAO DE ACAO COMUNITARIA;https://maps.googleapis.com/maps/api/place/nearbysearch/json?name=FUNDACAO%20DE%20ACAO%20COMUNITARIA&location=-7.112023,-34.834362&rankby=distance&key=AIzaSyCYzCGQBne1-xEN09hEsFCz0bNrgn1tiMo;;-7,11785;-34,8792
PB;FUNDACAO DE APOIO A PESQUISA DO ESTADO DA PB - FAPESQ;https://maps.googleapis.com/maps/api/place/nearbysearch/json?name=FUNDACAO%20DE%20APOIO%20A%20PESQUISA%20DO%20ESTADO%20DA%20PB%20-%20FAPESQ&location=-7.112023,-34.834362&rankby=distance&key=AIzaSyCYzCGQBne1-xEN09hEsFCz0bNrgn1tiMo;;-7,204882;-35,919315
PB;FUNDACAO ESPACO CULTURAL DA PARAIBA;https://maps.googleapis.com/maps/api/place/nearbysearch/json?name=FUNDACAO%20ESPACO%20CULTURAL%20DA%20PARAIBA&location=-7.112023,-34.834362&rankby=distance&key=AIzaSyCYzCGQBne1-xEN09hEsFCz0bNrgn1tiMo;;-7,12227;-34,84265
PB;FUNDO DE APOIO A INDUSTRIALIZACAO DO ESTADO DA PARAIBA;https://maps.googleapis.com/maps/api/place/nearbysearch/json?name=FUNDO%20DE%20APOIO%20A%20INDUSTRIALIZACAO%20DO%20ESTADO%20DA%20PARAIBA&location=-7.112023,-34.834362&rankby=distance&key=AIzaSyCYzCGQBne1-xEN09hEsFCz0bNrgn1tiMo;;-7,11981;-34,85116
PB;FUNDO DE APOIO AO DESENV. DA ADMINISTRACAO TRIBUTARIA;https://maps.googleapis.com/maps/api/place/nearbysearch/json?name=FUNDO%20DE%20APOIO%20AO%20DESENV.%20DA%20ADMINISTRACAO%20TRIBUTARIA&location=-7.112023,-34.834362&rankby=distance&key=AIzaSyCYzCGQBne1-xEN09hEsFCz0bNrgn1tiMo;;-7,119644;-34,857398
PB;FUNDO DE APOIO AO DESENVOLVIMENTO INDUSTRIAL DA PB;https://maps.googleapis.com/maps/api/place/nearbysearch/json?name=FUNDO%20DE%20APOIO%20AO%20DESENVOLVIMENTO%20INDUSTRIAL%20DA%20PB&location=-7.112023,-34.834362&rankby=distance&key=AIzaSyCYzCGQBne1-xEN09hEsFCz0bNrgn1tiMo;;-7,11981;-34,85116
PB;FUNDO DE APOIO AO ESPORTE E LAZER DO ESTADO DA PARAIBA;https://maps.googleapis.com/maps/api/place/nearbysearch/json?name=FUNDO%20DE%20APOIO%20AO%20ESPORTE%20E%20LAZER%20DO%20ESTADO%20DA%20PARAIBA&location=-7.112023,-34.834362&rankby=distance&key=AIzaSyCYzCGQBne1-xEN09hEsFCz0bNrgn1tiMo;;-7,1241;-34,876206
PB;FUNDO DE COMBATE E ERRADICACAO DA POBREZA NO ESTADO PB;https://maps.googleapis.com/maps/api/place/nearbysearch/json?name=FUNDO%20DE%20COMBATE%20E%20ERRADICACAO%20DA%20POBREZA%20NO%20ESTADO%20PB&location=-7.112023,-34.834362&rankby=distance&key=AIzaSyCYzCGQBne1-xEN09hEsFCz0bNrgn1tiMo;;-7,1241;-34,876206
PB;FUNDO DE DESENVOLVIMENTO AGROPECUARIO DO ESTADO DA PB;https://maps.googleapis.com/maps/api/place/nearbysearch/json?name=FUNDO%20DE%20DESENVOLVIMENTO%20AGROPECUARIO%20DO%20ESTADO%20DA%20PB&location=-7.112023,-34.834362&rankby=distance&key=AIzaSyCYzCGQBne1-xEN09hEsFCz0bNrgn1tiMo;;-7,1241;-34,876206
PB;FUNDO DE DESENVOLVIMENTO DO ESTADO DA PARAIBA;https://maps.googleapis.com/maps/api/place/nearbysearch/json?name=FUNDO%20DE%20DESENVOLVIMENTO%20DO%20ESTADO%20DA%20PARAIBA&location=-7.112023,-34.834362&rankby=distance&key=AIzaSyCYzCGQBne1-xEN09hEsFCz0bNrgn1tiMo;;-7,1241;-34,876206
PB;FUNDO DE FISCALIZACAO ORCAMENTARIA E FINANC MUNICIPAL;https://maps.googleapis.com/maps/api/place/nearbysearch/json?name=FUNDO%20DE%20FISCALIZACAO%20ORCAMENTARIA%20E%20FINANC%20MUNICIPAL&location=-7.112023,-34.834362&rankby=distance&key=AIzaSyCYzCGQBne1-xEN09hEsFCz0bNrgn1tiMo;;-7,1241;-34,876206
PB;FUNDO DE INCENTIVO A CULTURA AUGUSTO DOS ANJOS;https://maps.googleapis.com/maps/api/place/nearbysearch/json?name=FUNDO%20DE%20INCENTIVO%20A%20CULTURA%20AUGUSTO%20DOS%20ANJOS&location=-7.112023,-34.834362&rankby=distance&key=AIzaSyCYzCGQBne1-xEN09hEsFCz0bNrgn1tiMo;;-7,1241;-34,876206
PB;FUNDO DE INDUSTRIALIZACAO DO ESTADO DA PB;https://maps.googleapis.com/maps/api/place/nearbysearch/json?name=FUNDO%20DE%20INDUSTRIALIZACAO%20DO%20ESTADO%20DA%20PB&location=-7.112023,-34.834362&rankby=distance&key=AIzaSyCYzCGQBne1-xEN09hEsFCz0bNrgn1tiMo;;-7,1241;-34,876206
PB;FUNDO DE MODERNIZACAO E REAPAR DA PROC GERAL DO ESTADO;https://maps.googleapis.com/maps/api/place/nearbysearch/json?name=FUNDO%20DE%20MODERNIZACAO%20E%20REAPAR%20DA%20PROC%20GERAL%20DO%20ESTADO&location=-7.112023,-34.834362&rankby=distance&key=AIzaSyCYzCGQBne1-xEN09hEsFCz0bNrgn1tiMo;;-7,1241;-34,876206
PB;FUNDO DE RECUPERACAO DOS PRESIDIARIOS;https://maps.googleapis.com/maps/api/place/nearbysearch/json?name=FUNDO%20DE%20RECUPERACAO%20DOS%20PRESIDIARIOS&location=-7.112023,-34.834362&rankby=distance&key=AIzaSyCYzCGQBne1-xEN09hEsFCz0bNrgn1tiMo;;-7,1241;-34,876206
PB;FUNDO ESP DE PROT DOS BENS VALORES E INTERESSES DIFUSOS;https://maps.googleapis.com/maps/api/place/nearbysearch/json?name=FUNDO%20ESP%20DE%20PROT%20DOS%20BENS%20VALORES%20E%20INTERESSES%20DIFUSOS&location=-7.112023,-34.834362&rankby=distance&key=AIzaSyCYzCGQBne1-xEN09hEsFCz0bNrgn1tiMo;;-7,1241;-34,876206
PB;FUNDO ESPECIAL DA DEFENSORIA PUBLICA;https://maps.googleapis.com/maps/api/place/nearbysearch/json?name=FUNDO%20ESPECIAL%20DA%20DEFENSORIA%20PUBLICA&location=-7.112023,-34.834362&rankby=distance&key=AIzaSyCYzCGQBne1-xEN09hEsFCz0bNrgn1tiMo;;-7,1241;-34,876206
PB;FUNDO ESPECIAL DA SEGURANCA PUBLICA;https://maps.googleapis.com/maps/api/place/nearbysearch/json?name=FUNDO%20ESPECIAL%20DA%20SEGURANCA%20PUBLICA&location=-7.112023,-34.834362&rankby=distance&key=AIzaSyCYzCGQBne1-xEN09hEsFCz0bNrgn1tiMo;;-7,1241;-34,876206
PB;FUNDO ESPECIAL DE DESENV DE RECURSOS HUMANOS;https://maps.googleapis.com/maps/api/place/nearbysearch/json?name=FUNDO%20ESPECIAL%20DE%20DESENV%20DE%20RECURSOS%20HUMANOS&location=-7.112023,-34.834362&rankby=distance&key=AIzaSyCYzCGQBne1-xEN09hEsFCz0bNrgn1tiMo;;-7,1241;-34,876206
PB;FUNDO ESPECIAL DO CORPO DE BOMBEIROS;https://maps.googleapis.com/maps/api/place/nearbysearch/json?name=FUNDO%20ESPECIAL%20DO%20CORPO%20DE%20BOMBEIROS&location=-7.112023,-34.834362&rankby=distance&key=AIzaSyCYzCGQBne1-xEN09hEsFCz0bNrgn1tiMo;;-7,1241;-34,876206
PB;FUNDO ESPECIAL DO MINISTERIO PUBLICO;https://maps.googleapis.com/maps/api/place/nearbysearch/json?name=FUNDO%20ESPECIAL%20DO%20MINISTERIO%20PUBLICO&location=-7.112023,-34.834362&rankby=distance&key=AIzaSyCYzCGQBne1-xEN09hEsFCz0bNrgn1tiMo;;-7,1241;-34,876206
PB;FUNDO ESPECIAL DO PODER JUDICIARIO;https://maps.googleapis.com/maps/api/place/nearbysearch/json?name=FUNDO%20ESPECIAL%20DO%20PODER%20JUDICIARIO&location=-7.112023,-34.834362&rankby=distance&key=AIzaSyCYzCGQBne1-xEN09hEsFCz0bNrgn1tiMo;;-7,1241;-34,876206
PB;FUNDO ESTADUAL DA CRIANCA E DO ADOLESCENTE;https://maps.googleapis.com/maps/api/place/nearbysearch/json?name=FUNDO%20ESTADUAL%20DA%20CRIANCA%20E%20DO%20ADOLESCENTE&location=-7.112023,-34.834362&rankby=distance&key=AIzaSyCYzCGQBne1-xEN09hEsFCz0bNrgn1tiMo;;-7,1241;-34,876206
PB;FUNDO ESTADUAL DE APOIO AO EMPREENDEDORISMO;https://maps.googleapis.com/maps/api/place/nearbysearch/json?name=FUNDO%20ESTADUAL%20DE%20APOIO%20AO%20EMPREENDEDORISMO&location=-7.112023,-34.834362&rankby=distance&key=AIzaSyCYzCGQBne1-xEN09hEsFCz0bNrgn1tiMo;;-7,1241;-34,876206
PB;FUNDO ESTADUAL DE ASSISTENCIA SOCIAL;https://maps.googleapis.com/maps/api/place/nearbysearch/json?name=FUNDO%20ESTADUAL%20DE%20ASSISTENCIA%20SOCIAL&location=-7.112023,-34.834362&rankby=distance&key=AIzaSyCYzCGQBne1-xEN09hEsFCz0bNrgn1tiMo;;-7,11785;-34,87912
PB;FUNDO ESTADUAL DE DEFESA DOS DIREITOS DO CONSUMIDOR;https://maps.googleapis.com/maps/api/place/nearbysearch/json?name=FUNDO%20ESTADUAL%20DE%20DEFESA%20DOS%20DIREITOS%20DO%20CONSUMIDOR&location=-7.112023,-34.834362&rankby=distance&key=AIzaSyCYzCGQBne1-xEN09hEsFCz0bNrgn1tiMo;;-7,1241;-34,876206
PB;FUNDO ESTADUAL DE HAB E REG FUNDIARIA DE INTER SOCIAL;https://maps.googleapis.com/maps/api/place/nearbysearch/json?name=FUNDO%20ESTADUAL%20DE%20HAB%20E%20REG%20FUNDIARIA%20DE%20INTER%20SOCIAL&location=-7.112023,-34.834362&rankby=distance&key=AIzaSyCYzCGQBne1-xEN09hEsFCz0bNrgn1tiMo;;-7,1241;-34,876206
PB;FUNDO ESTADUAL DE PROTECAO AO MEIO AMBIENTE;https://maps.googleapis.com/maps/api/place/nearbysearch/json?name=FUNDO%20ESTADUAL%20DE%20PROTECAO%20AO%20MEIO%20AMBIENTE&location=-7.112023,-34.834362&rankby=distance&key=AIzaSyCYzCGQBne1-xEN09hEsFCz0bNrgn1tiMo;;-7,1241;-34,876206
PB;FUNDO ESTADUAL DE RECURSOS HIDRICOS;https://maps.googleapis.com/maps/api/place/nearbysearch/json?name=FUNDO%20ESTADUAL%20DE%20RECURSOS%20HIDRICOS&location=-7.112023,-34.834362&rankby=distance&key=AIzaSyCYzCGQBne1-xEN09hEsFCz0bNrgn1tiMo;;-7,1241;-34,876206
PB;GABINETE VICE GOVERNADOR;https://maps.googleapis.com/maps/api/place/nearbysearch/json?name=GABINETE%20VICE%20GOVERNADOR&location=-7.112023,-34.834362&rankby=distance&key=AIzaSyCYzCGQBne1-xEN09hEsFCz0bNrgn1tiMo;;-7,1241;-34,876206
PB;HOSPITAL DA POLICIA MILITAR GEN EDSON RAMALHO;https://maps.googleapis.com/maps/api/place/nearbysearch/json?name=HOSPITAL%20DA%20POLICIA%20MILITAR%20GEN%20EDSON%20RAMALHO&location=-7.112023,-34.834362&rankby=distance&key=AIzaSyCYzCGQBne1-xEN09hEsFCz0bNrgn1tiMo;;-7,117797;-34,866276
PB;IDEME - INST DE DESENV MUNICIPAL E ESTADUAL;https://maps.googleapis.com/maps/api/place/nearbysearch/json?name=IDEME%20-%20INST%20DE%20DESENV%20MUNICIPAL%20E%20ESTADUAL&location=-7.112023,-34.834362&rankby=distance&key=AIzaSyCYzCGQBne1-xEN09hEsFCz0bNrgn1tiMo;;-7,116706;-34,859169
PB;INST. DE PATRIMONIO HISTORICO E ART. DO EST. DA PARAIBA;https://maps.googleapis.com/maps/api/place/nearbysearch/json?name=INST.%20DE%20PATRIMONIO%20HISTORICO%20E%20ART.%20DO%20EST.%20DA%20PARAIBA&location=-7.112023,-34.834362&rankby=distance&key=AIzaSyCYzCGQBne1-xEN09hEsFCz0bNrgn1tiMo;;-7,113379;-34,88876
PB;INSTITUTO DE ASSISTENCIA A SAUDE DO SERVIDOR;https://maps.googleapis.com/maps/api/place/nearbysearch/json?name=INSTITUTO%20DE%20ASSISTENCIA%20A%20SAUDE%20DO%20SERVIDOR&location=-7.112023,-34.834362&rankby=distance&key=AIzaSyCYzCGQBne1-xEN09hEsFCz0bNrgn1tiMo;;-7,11803;-34,86569
PB;INSTITUTO DE METROLOGIA E QUALIDADE INDUST. DA PARAIBA;https://maps.googleapis.com/maps/api/place/nearbysearch/json?name=INSTITUTO%20DE%20METROLOGIA%20E%20QUALIDADE%20INDUST.%20DA%20PARAIBA&location=-7.112023,-34.834362&rankby=distance&key=AIzaSyCYzCGQBne1-xEN09hEsFCz0bNrgn1tiMo;;-7,218617;-35,892445
PB;INTERPA - INS. DE TERRAS E PLAN. AGRI. EST. DA PARAIBA;https://maps.googleapis.com/maps/api/place/nearbysearch/json?name=INTERPA%20-%20INS.%20DE%20TERRAS%20E%20PLAN.%20AGRI.%20EST.%20DA%20PARAIBA&location=-7.112023,-34.834362&rankby=distance&key=AIzaSyCYzCGQBne1-xEN09hEsFCz0bNrgn1tiMo;;-7,093456;-34,848466
PB;JUNTA COMERCIAL DO ESTADO DA PARAIBA;https://maps.googleapis.com/maps/api/place/nearbysearch/json?name=JUNTA%20COMERCIAL%20DO%20ESTADO%20DA%20PARAIBA&location=-7.112023,-34.834362&rankby=distance&key=AIzaSyCYzCGQBne1-xEN09hEsFCz0bNrgn1tiMo;;-7,12211;-34,87825
PB;JUSTICA COMUM;https://maps.googleapis.com/maps/api/place/nearbysearch/json?name=JUSTICA%20COMUM&location=-7.112023,-34.834362&rankby=distance&key=AIzaSyCYzCGQBne1-xEN09hEsFCz0bNrgn1tiMo;;-7,122367;-34,883991
PB;LABORATORIO INDUSTRIAL FARMACEUTICO DA PARAIBA S/A;https://maps.googleapis.com/maps/api/place/nearbysearch/json?name=LABORATORIO%20INDUSTRIAL%20FARMACEUTICO%20DA%20PARAIBA%20S/A&location=-7.112023,-34.834362&rankby=distance&key=AIzaSyCYzCGQBne1-xEN09hEsFCz0bNrgn1tiMo;;-7,125681;-34,88386
PB;LOTERIA DO ESTADO DA PARAIBA;https://maps.googleapis.com/maps/api/place/nearbysearch/json?name=LOTERIA%20DO%20ESTADO%20DA%20PARAIBA&location=-7.112023,-34.834362&rankby=distance&key=AIzaSyCYzCGQBne1-xEN09hEsFCz0bNrgn1tiMo;;-7,11706;-34,88697
PB;MINISTERIO PUBLICO;https://maps.googleapis.com/maps/api/place/nearbysearch/json?name=MINISTERIO%20PUBLICO&location=-7.112023,-34.834362&rankby=distance&key=AIzaSyCYzCGQBne1-xEN09hEsFCz0bNrgn1tiMo;;-7,11983;-34,86445
PB;PARAIBA PREVIDENCIA - PBPREV;https://maps.googleapis.com/maps/api/place/nearbysearch/json?name=PARAIBA%20PREVIDENCIA%20-%20PBPREV&location=-7.112023,-34.834362&rankby=distance&key=AIzaSyCYzCGQBne1-xEN09hEsFCz0bNrgn1tiMo;;-7,11825;-34,86567
PB;PB-TUR HOTEIS S/A;https://maps.googleapis.com/maps/api/place/nearbysearch/json?name=PB-TUR%20HOTEIS%20S/A&location=-7.112023,-34.834362&rankby=distance&key=AIzaSyCYzCGQBne1-xEN09hEsFCz0bNrgn1tiMo;;-7,10632;-34,82811
PB;POLICIA MILITAR DO ESTADO;https://maps.googleapis.com/maps/api/place/nearbysearch/json?name=POLICIA%20MILITAR%20DO%20ESTADO&location=-7.112023,-34.834362&rankby=distance&key=AIzaSyCYzCGQBne1-xEN09hEsFCz0bNrgn1tiMo;;-7,13461;-34,82046
PB;PROJETO COOPERAR DO ESTADO DA PARAIBA;https://maps.googleapis.com/maps/api/place/nearbysearch/json?name=PROJETO%20COOPERAR%20DO%20ESTADO%20DA%20PARAIBA&location=-7.112023,-34.834362&rankby=distance&key=AIzaSyCYzCGQBne1-xEN09hEsFCz0bNrgn1tiMo;;-7,146017;-34,850598
PB;RADIO TABAJARA - SUPERINTENDENCIA DE RADIODIFUSAO;https://maps.googleapis.com/maps/api/place/nearbysearch/json?name=RADIO%20TABAJARA%20-%20SUPERINTENDENCIA%20DE%20RADIODIFUSAO&location=-7.112023,-34.834362&rankby=distance&key=AIzaSyCYzCGQBne1-xEN09hEsFCz0bNrgn1tiMo;;-7,115374;-34,883778
PB;SEC DE EST DO MEIO AMB DOS REC HID DA CIEN E TECNOLOGIA;https://maps.googleapis.com/maps/api/place/nearbysearch/json?name=SEC%20DE%20EST%20DO%20MEIO%20AMB%20DOS%20REC%20HID%20DA%20CIEN%20E%20TECNOLOGIA&location=-7.112023,-34.834362&rankby=distance&key=AIzaSyCYzCGQBne1-xEN09hEsFCz0bNrgn1tiMo;;-7,1241;-34,876206
PB;SEC DE ESTADO DA MULHER E DA DIVERSIDADE HUMANA;https://maps.googleapis.com/maps/api/place/nearbysearch/json?name=SEC%20DE%20ESTADO%20DA%20MULHER%20E%20DA%20DIVERSIDADE%20HUMANA&location=-7.112023,-34.834362&rankby=distance&key=AIzaSyCYzCGQBne1-xEN09hEsFCz0bNrgn1tiMo;;-7,1241;-34,876206
PB;SEC DE ESTADO DO DESENV DA AGROPECUARIA E DA PESCA;https://maps.googleapis.com/maps/api/place/nearbysearch/json?name=SEC%20DE%20ESTADO%20DO%20DESENV%20DA%20AGROPECUARIA%20E%20DA%20PESCA&location=-7.112023,-34.834362&rankby=distance&key=AIzaSyCYzCGQBne1-xEN09hEsFCz0bNrgn1tiMo;;-7,1241;-34,876206
PB;SEC DE ESTADO DO TURISMO E DO DESENVOLVIMENTO ECONOMICO;https://maps.googleapis.com/maps/api/place/nearbysearch/json?name=SEC%20DE%20ESTADO%20DO%20TURISMO%20E%20DO%20DESENVOLVIMENTO%20ECONOMICO&location=-7.112023,-34.834362&rankby=distance&key=AIzaSyCYzCGQBne1-xEN09hEsFCz0bNrgn1tiMo;;-7,1241;-34,876206
PB;SECRETAR DE ESTADO DA INTERIORIZACAO DA ACAO DO GOVERNO;https://maps.googleapis.com/maps/api/place/nearbysearch/json?name=SECRETAR%20DE%20ESTADO%20DA%20INTERIORIZACAO%20DA%20ACAO%20DO%20GOVERNO&location=-7.112023,-34.834362&rankby=distance&key=AIzaSyCYzCGQBne1-xEN09hEsFCz0bNrgn1tiMo;;-7,1241;-34,876206
PB;SECRETARIA DE ESTADO DA ADMINISTRACAO;https://maps.googleapis.com/maps/api/place/nearbysearch/json?name=SECRETARIA%20DE%20ESTADO%20DA%20ADMINISTRACAO&location=-7.112023,-34.834362&rankby=distance&key=AIzaSyCYzCGQBne1-xEN09hEsFCz0bNrgn1tiMo;;-7,1241;-34,876206
PB;SECRETARIA DE ESTADO DA ADMINISTRACAO PENITENCIARIA;https://maps.googleapis.com/maps/api/place/nearbysearch/json?name=SECRETARIA%20DE%20ESTADO%20DA%20ADMINISTRACAO%20PENITENCIARIA&location=-7.112023,-34.834362&rankby=distance&key=AIzaSyCYzCGQBne1-xEN09hEsFCz0bNrgn1tiMo;;-7,1241;-34,876206
PB;SECRETARIA DE ESTADO DA COMUNICACAO INSTITUCIONAL;https://maps.googleapis.com/maps/api/place/nearbysearch/json?name=SECRETARIA%20DE%20ESTADO%20DA%20COMUNICACAO%20INSTITUCIONAL&location=-7.112023,-34.834362&rankby=distance&key=AIzaSyCYzCGQBne1-xEN09hEsFCz0bNrgn1tiMo;;-7,1241;-34,876206
PB;SECRETARIA DE ESTADO DA CULTURA;https://maps.googleapis.com/maps/api/place/nearbysearch/json?name=SECRETARIA%20DE%20ESTADO%20DA%20CULTURA&location=-7.112023,-34.834362&rankby=distance&key=AIzaSyCYzCGQBne1-xEN09hEsFCz0bNrgn1tiMo;;-7,1241;-34,876206
PB;SECRETARIA DE ESTADO DA EDUCACAO;https://maps.googleapis.com/maps/api/place/nearbysearch/json?name=SECRETARIA%20DE%20ESTADO%20DA%20EDUCACAO&location=-7.112023,-34.834362&rankby=distance&key=AIzaSyCYzCGQBne1-xEN09hEsFCz0bNrgn1tiMo;;-7,1241;-34,876206
PB;SECRETARIA DE ESTADO DA INFRA-ESTRUTURA;https://maps.googleapis.com/maps/api/place/nearbysearch/json?name=SECRETARIA%20DE%20ESTADO%20DA%20INFRA-ESTRUTURA&location=-7.112023,-34.834362&rankby=distance&key=AIzaSyCYzCGQBne1-xEN09hEsFCz0bNrgn1tiMo;;-7,1241;-34,876206
PB;SECRETARIA DE ESTADO DA JUVENTUDE, ESPORTE E LAZER;https://maps.googleapis.com/maps/api/place/nearbysearch/json?name=SECRETARIA%20DE%20ESTADO%20DA%20JUVENTUDE,%20ESPORTE%20E%20LAZER&location=-7.112023,-34.834362&rankby=distance&key=AIzaSyCYzCGQBne1-xEN09hEsFCz0bNrgn1tiMo;;-7,1241;-34,876206
PB;SECRETARIA DE ESTADO DA RECEITA;https://maps.googleapis.com/maps/api/place/nearbysearch/json?name=SECRETARIA%20DE%20ESTADO%20DA%20RECEITA&location=-7.112023,-34.834362&rankby=distance&key=AIzaSyCYzCGQBne1-xEN09hEsFCz0bNrgn1tiMo;;-7,1241;-34,876206
PB;SECRETARIA DE ESTADO DA SAUDE;https://maps.googleapis.com/maps/api/place/nearbysearch/json?name=SECRETARIA%20DE%20ESTADO%20DA%20SAUDE&location=-7.112023,-34.834362&rankby=distance&key=AIzaSyCYzCGQBne1-xEN09hEsFCz0bNrgn1tiMo;;-7,1241;-34,876206
PB;SECRETARIA DE ESTADO DA SEGURANCA E DA DEFESA SOCIAL;https://maps.googleapis.com/maps/api/place/nearbysearch/json?name=SECRETARIA%20DE%20ESTADO%20DA%20SEGURANCA%20E%20DA%20DEFESA%20SOCIAL&location=-7.112023,-34.834362&rankby=distance&key=AIzaSyCYzCGQBne1-xEN09hEsFCz0bNrgn1tiMo;;-7,1241;-34,876206
PB;SECRETARIA DE ESTADO DAS FINANCAS;https://maps.googleapis.com/maps/api/place/nearbysearch/json?name=SECRETARIA%20DE%20ESTADO%20DAS%20FINANCAS&location=-7.112023,-34.834362&rankby=distance&key=AIzaSyCYzCGQBne1-xEN09hEsFCz0bNrgn1tiMo;;-7,1241;-34,876206
PB;SECRETARIA DE ESTADO DO DESENVOLVIMENTO HUMANO;https://maps.googleapis.com/maps/api/place/nearbysearch/json?name=SECRETARIA%20DE%20ESTADO%20DO%20DESENVOLVIMENTO%20HUMANO&location=-7.112023,-34.834362&rankby=distance&key=AIzaSyCYzCGQBne1-xEN09hEsFCz0bNrgn1tiMo;;-7,1241;-34,876206
PB;SECRETARIA DE ESTADO DO PLANEJAMENTO E GESTAO;https://maps.googleapis.com/maps/api/place/nearbysearch/json?name=SECRETARIA%20DE%20ESTADO%20DO%20PLANEJAMENTO%20E%20GESTAO&location=-7.112023,-34.834362&rankby=distance&key=AIzaSyCYzCGQBne1-xEN09hEsFCz0bNrgn1tiMo;;-7,1241;-34,876206
PB;SUP. DE OBRAS DO PLANO DE DESENVOLVIMENTO DO ESTADO;https://maps.googleapis.com/maps/api/place/nearbysearch/json?name=SUP.%20DE%20OBRAS%20DO%20PLANO%20DE%20DESENVOLVIMENTO%20DO%20ESTADO&location=-7.112023,-34.834362&rankby=distance&key=AIzaSyCYzCGQBne1-xEN09hEsFCz0bNrgn1tiMo;;-7,1241;-34,876206
PB;SUPERINTENDENCIA DE ADMINISTRACAO DO MEIO AMBIENTE;https://maps.googleapis.com/maps/api/place/nearbysearch/json?name=SUPERINTENDENCIA%20DE%20ADMINISTRACAO%20DO%20MEIO%20AMBIENTE&location=-7.112023,-34.834362&rankby=distance&key=AIzaSyCYzCGQBne1-xEN09hEsFCz0bNrgn1tiMo;;-7,1241;-34,876206
PB;TRIBUNAL DE CONTAS;https://maps.googleapis.com/maps/api/place/nearbysearch/json?name=TRIBUNAL%20DE%20CONTAS&location=-7.112023,-34.834362&rankby=distance&key=AIzaSyCYzCGQBne1-xEN09hEsFCz0bNrgn1tiMo;;-7,13032;-34,87025
PB;UNIVERSIDADE ESTADUAL DA PARAIBA;https://maps.googleapis.com/maps/api/place/nearbysearch/json?name=UNIVERSIDADE%20ESTADUAL%20DA%20PARAIBA&location=-7.112023,-34.834362&rankby=distance&key=AIzaSyCYzCGQBne1-xEN09hEsFCz0bNrgn1tiMo;;-7,15854;-34,87308
